﻿{"cameraMode":{"drawMode":0,"name":"Shaded","section":"Shading Mode"},"sceneLighting":true,"audioPlay":false,"sceneViewState":{"showFog":true,"showMaterialUpdate":true,"showSkybox":true,"showFlares":true,"showImageEffects":true,"showParticleSystems":true},"in2DMode":false,"pivot":{"x":0.6731577515602112,"y":5.3886919021606449,"z":-34.95037841796875},"rotation":{"x":-0.06173255294561386,"y":0.03502413257956505,"z":-0.0021671585272997619,"w":-0.9974756836891174},"size":9.9879150390625,"orthographic":false}